1z,"Doe, John",Doe.John@mail.com,m
2z,"Doe, Mary",Doe.Mary@mail.com,w
3z,"Doe, Tim",Doe.Tim@mail.com,m
4z,"Doe, Bryan",Doe.Bryan@mail.com,m
5z,"Doe, Dave",Doe.Dave@mail.com,m
6z,"Doe, Tom",Doe.Tom@mail.com,m
7z,"Doe, Dan",Doe.Dan@mail.com,m
8z,"Doe, Roy",Doe.Roy@mail.com,m
9z,"Doe, Jan",Doe.Jan@mail.com,w
10z,"Doe, Jenny",Doe.Jenny@mail.com,w
11z,"Doe, Sam",Doe.Sam@mail.com,m
12z,"Doe, Will",Doe.Will@mail.com,m
13z,"Doe, David",Doe.David@mail.com,m
14z,"Doe, Ron",Doe.Ron@mail.com,m
15z,"Doe, Peter",Doe.Peter@mail.com,m
16z,"Doe, Roger",Doe.Roger@mail.com,m
17z,"Doe, Steve",Doe.Steve@mail.com,m
18z,"Doe, Kim",Doe.Kim@mail.com,m
19z,"Doe, Ben",Doe.Ben@mail.com,m
20z,"Smith, John",Smith.John@mail.com,m
21z,"Smith, Mary",Smith.Mary@mail.com,w
22z,"Smith, Tim",Smith.Tim@mail.com,m
23z,"Smith, Bryan",Smith.Bryan@mail.com,m
24z,"Smith, Dave",Smith.Dave@mail.com,m
25z,"Smith, Tom",Smith.Tom@mail.com,m
26z,"Smith, Dan",Smith.Dan@mail.com,m
27z,"Smith, Roy",Smith.Roy@mail.com,m
28z,"Smith, Jan",Smith.Jan@mail.com,w
29z,"Smith, Jenny",Smith.Jenny@mail.com,w
30z,"Smith, Sam",Smith.Sam@mail.com,m
31z,"Smith, Will",Smith.Will@mail.com,m
32z,"Smith, David",Smith.David@mail.com,m
33z,"Smith, Ron",Smith.Ron@mail.com,m
34z,"Smith, Peter",Smith.Peter@mail.com,m
35z,"Smith, Roger",Smith.Roger@mail.com,m
36z,"Smith, Steve",Smith.Steve@mail.com,m
37z,"Smith, Kim",Smith.Kim@mail.com,m
38z,"Smith, Ben",Smith.Ben@mail.com,m
39z,"Clark, John",Clark.John@mail.com,m
40z,"Clark, Mary",Clark.Mary@mail.com,w
41z,"Clark, Tim",Clark.Tim@mail.com,m
42z,"Clark, Bryan",Clark.Bryan@mail.com,m
43z,"Clark, Dave",Clark.Dave@mail.com,m
44z,"Clark, Tom",Clark.Tom@mail.com,m
45z,"Clark, Dan",Clark.Dan@mail.com,m
46z,"Clark, Roy",Clark.Roy@mail.com,m
47z,"Clark, Jan",Clark.Jan@mail.com,w
48z,"Clark, Jenny",Clark.Jenny@mail.com,w
49z,"Clark, Sam",Clark.Sam@mail.com,m
50z,"Clark, Will",Clark.Will@mail.com,m
51z,"Clark, David",Clark.David@mail.com,m
52z,"Clark, Ron",Clark.Ron@mail.com,m
53z,"Clark, Peter",Clark.Peter@mail.com,m
54z,"Clark, Roger",Clark.Roger@mail.com,m
55z,"Clark, Steve",Clark.Steve@mail.com,m
56z,"Clark, Kim",Clark.Kim@mail.com,m
57z,"Clark, Ben",Clark.Ben@mail.com,m
58z,"Martinez, John",Martinez.John@mail.com,m
59z,"Martinez, Mary",Martinez.Mary@mail.com,w
60z,"Martinez, Tim",Martinez.Tim@mail.com,m
61z,"Martinez, Bryan",Martinez.Bryan@mail.com,m
62z,"Martinez, Dave",Martinez.Dave@mail.com,m
63z,"Martinez, Tom",Martinez.Tom@mail.com,m
64z,"Martinez, Dan",Martinez.Dan@mail.com,m
65z,"Martinez, Roy",Martinez.Roy@mail.com,m
66z,"Martinez, Jan",Martinez.Jan@mail.com,w
67z,"Martinez, Jenny",Martinez.Jenny@mail.com,w
68z,"Martinez, Sam",Martinez.Sam@mail.com,m
69z,"Martinez, Will",Martinez.Will@mail.com,m
70z,"Martinez, David",Martinez.David@mail.com,m
71z,"Martinez, Ron",Martinez.Ron@mail.com,m
72z,"Martinez, Peter",Martinez.Peter@mail.com,m
73z,"Martinez, Roger",Martinez.Roger@mail.com,m
74z,"Martinez, Steve",Martinez.Steve@mail.com,m
75z,"Martinez, Kim",Martinez.Kim@mail.com,m
76z,"Martinez, Ben",Martinez.Ben@mail.com,m
77z,"Pereira, John",Garcia.John@mail.com,m
78z,"Pereira, Mary",Garcia.Mary@mail.com,w
79z,"Pereira, Tim",Garcia.Tim@mail.com,m
80z,"Pereira, Bryan",Garcia.Bryan@mail.com,m
81z,"Pereira, Dave",Garcia.Dave@mail.com,m
82z,"Pereira, Tom",Garcia.Tom@mail.com,m
83z,"Pereira, Dan",Garcia.Dan@mail.com,m
84z,"Pereira, Roy",Garcia.Roy@mail.com,m
85z,"Pereira, Jan",Garcia.Jan@mail.com,w
86z,"Pereira, Jenny",Garcia.Jenny@mail.com,w
87z,"Pereira, Sam",Garcia.Sam@mail.com,m
88z,"Pereira, Will",Garcia.Will@mail.com,m
89z,"Pereira, David",Garcia.David@mail.com,m
90z,"Pereira, Ron",Garcia.Ron@mail.com,m
91z,"Pereira, Peter",Garcia.Peter@mail.com,m
92z,"Pereira, Roger",Garcia.Roger@mail.com,m
93z,"Pereira, Steve",Garcia.Steve@mail.com,m
94z,"Pereira, Kim",Garcia.Kim@mail.com,m
95z,"Pereira, Ben",Garcia.Ben@mail.com,m
96z,"James, John",James.John@mail.com,m
97z,"James, Mary",James.Mary@mail.com,w
98z,"James, Tim",James.Tim@mail.com,m
99z,"James, Bryan",James.Bryan@mail.com,m
100z,"James, Dave",James.Dave@mail.com,m
101z,"James, Tom",James.Tom@mail.com,m
102z,"James, Dan",James.Dan@mail.com,m
103z,"James, Roy",James.Roy@mail.com,m
104z,"James, Jan",James.Jan@mail.com,w
105z,"James, Jenny",James.Jenny@mail.com,w
106z,"James, Sam",James.Sam@mail.com,m
107z,"James, Will",James.Will@mail.com,m
108z,"James, David",James.David@mail.com,m
109z,"James, Ron",James.Ron@mail.com,m
110z,"James, Peter",James.Peter@mail.com,m
111z,"James, Roger",James.Roger@mail.com,m
112z,"James, Steve",James.Steve@mail.com,m
113z,"James, Kim",James.Kim@mail.com,m
114z,"James, Ben",James.Ben@mail.com,m
115z,"Fox, John",Fox.John@mail.com,m
116z,"Fox, Mary",Fox.Mary@mail.com,w
117z,"Fox, Tim",Fox.Tim@mail.com,m
118z,"Fox, Bryan",Fox.Bryan@mail.com,m
119z,"Fox, Dave",Fox.Dave@mail.com,m
120z,"Fox, Tom",Fox.Tom@mail.com,m
121z,"Fox, Dan",Fox.Dan@mail.com,m
122z,"Fox, Roy",Fox.Roy@mail.com,m
123z,"Fox, Jan",Fox.Jan@mail.com,w
124z,"Fox, Jenny",Fox.Jenny@mail.com,w
125z,"Fox, Sam",Fox.Sam@mail.com,m
126z,"Fox, Will",Fox.Will@mail.com,m
127z,"Fox, David",Fox.David@mail.com,m
128z,"Fox, Ron",Fox.Ron@mail.com,m
129z,"Fox, Peter",Fox.Peter@mail.com,m
130z,"Fox, Roger",Fox.Roger@mail.com,m
131z,"Fox, Steve",Fox.Steve@mail.com,m
132z,"Fox, Kim",Fox.Kim@mail.com,m
133z,"Fox, Ben",Fox.Ben@mail.com,m
134z,"Foster, John",Foster.John@mail.com,m
135z,"Foster, Mary",Foster.Mary@mail.com,w
136z,"Foster, Tim",Foster.Tim@mail.com,m
137z,"Foster, Bryan",Foster.Bryan@mail.com,m
138z,"Foster, Dave",Foster.Dave@mail.com,m
139z,"Foster, Tom",Foster.Tom@mail.com,m
140z,"Foster, Dan",Foster.Dan@mail.com,m
141z,"Foster, Roy",Foster.Roy@mail.com,m
142z,"Foster, Jan",Foster.Jan@mail.com,w
143z,"Foster, Jenny",Foster.Jenny@mail.com,w
144z,"Foster, Sam",Foster.Sam@mail.com,m
145z,"Foster, Will",Foster.Will@mail.com,m
146z,"Foster, David",Foster.David@mail.com,m
147z,"Foster, Ron",Foster.Ron@mail.com,m
148z,"Foster, Peter",Foster.Peter@mail.com,m
149z,"Foster, Roger",Foster.Roger@mail.com,m
150z,"Foster, Steve",Foster.Steve@mail.com,m
151z,"Foster, Kim",Foster.Kim@mail.com,m
152z,"Foster, Ben",Foster.Ben@mail.com,m