1a,"Doe, John",Doe.John@mail.com,m
2a,"Doe, Mary",Doe.Mary@mail.com,w
3a,"Doe, Tim",Doe.Tim@mail.com,m
4a,"Doe, Bryan",Doe.Bryan@mail.com,m
5a,"Doe, Dave",Doe.Dave@mail.com,m
6a,"Doe, Tom",Doe.Tom@mail.com,m
7a,"Doe, Dan",Doe.Dan@mail.com,m
8a,"Doe, Roy",Doe.Roy@mail.com,m
9a,"Doe, Jan",Doe.Jan@mail.com,w
10a,"Doe, Jenny",Doe.Jenny@mail.com,w
11a,"Doe, Sam",Doe.Sam@mail.com,m
12a,"Doe, Will",Doe.Will@mail.com,m
13a,"Doe, David",Doe.David@mail.com,m
14a,"Doe, Ron",Doe.Ron@mail.com,m
15a,"Doe, Peter",Doe.Peter@mail.com,m
16a,"Doe, Roger",Doe.Roger@mail.com,m
17a,"Doe, Steve",Doe.Steve@mail.com,m
18a,"Doe, Kim",Doe.Kim@mail.com,m
19a,"Doe, Ben",Doe.Ben@mail.com,m
20a,"Smith, John",Smith.John@mail.com,m
21a,"Smith, Mary",Smith.Mary@mail.com,w
22a,"Smith, Tim",Smith.Tim@mail.com,m
23a,"Smith, Bryan",Smith.Bryan@mail.com,m
24a,"Smith, Dave",Smith.Dave@mail.com,m
25a,"Smith, Tom",Smith.Tom@mail.com,m
26a,"Smith, Dan",Smith.Dan@mail.com,m
27a,"Smith, Roy",Smith.Roy@mail.com,m
28a,"Smith, Jan",Smith.Jan@mail.com,w
29a,"Smith, Jenny",Smith.Jenny@mail.com,w
30a,"Smith, Sam",Smith.Sam@mail.com,m
31a,"Smith, Will",Smith.Will@mail.com,m
32a,"Smith, David",Smith.David@mail.com,m
33a,"Smith, Ron",Smith.Ron@mail.com,m
34a,"Smith, Peter",Smith.Peter@mail.com,m
35a,"Smith, Roger",Smith.Roger@mail.com,m
36a,"Smith, Steve",Smith.Steve@mail.com,m
37a,"Smith, Kim",Smith.Kim@mail.com,m
38a,"Smith, Ben",Smith.Ben@mail.com,m
39a,"Clark, John",Clark.John@mail.com,m
40a,"Clark, Mary",Clark.Mary@mail.com,w
41a,"Clark, Tim",Clark.Tim@mail.com,m
42a,"Clark, Bryan",Clark.Bryan@mail.com,m
43a,"Clark, Dave",Clark.Dave@mail.com,m
44a,"Clark, Tom",Clark.Tom@mail.com,m
45a,"Clark, Dan",Clark.Dan@mail.com,m
46a,"Clark, Roy",Clark.Roy@mail.com,m
47a,"Clark, Jan",Clark.Jan@mail.com,w
48a,"Clark, Jenny",Clark.Jenny@mail.com,w
49a,"Clark, Sam",Clark.Sam@mail.com,m
50a,"Clark, Will",Clark.Will@mail.com,m
51a,"Clark, David",Clark.David@mail.com,m
52a,"Clark, Ron",Clark.Ron@mail.com,m
53a,"Clark, Peter",Clark.Peter@mail.com,m
54a,"Clark, Roger",Clark.Roger@mail.com,m
55a,"Clark, Steve",Clark.Steve@mail.com,m
56a,"Clark, Kim",Clark.Kim@mail.com,m
57a,"Clark, Ben",Clark.Ben@mail.com,m
58a,"Martinez, John",Martinez.John@mail.com,m
59a,"Martinez, Mary",Martinez.Mary@mail.com,w
60a,"Martinez, Tim",Martinez.Tim@mail.com,m
61a,"Martinez, Bryan",Martinez.Bryan@mail.com,m
62a,"Martinez, Dave",Martinez.Dave@mail.com,m
63a,"Martinez, Tom",Martinez.Tom@mail.com,m
64a,"Martinez, Dan",Martinez.Dan@mail.com,m
65a,"Martinez, Roy",Martinez.Roy@mail.com,m
66a,"Martinez, Jan",Martinez.Jan@mail.com,w
67a,"Martinez, Jenny",Martinez.Jenny@mail.com,w
68a,"Martinez, Sam",Martinez.Sam@mail.com,m
69a,"Martinez, Will",Martinez.Will@mail.com,m
70a,"Martinez, David",Martinez.David@mail.com,m
71a,"Martinez, Ron",Martinez.Ron@mail.com,m
72a,"Martinez, Peter",Martinez.Peter@mail.com,m
73a,"Martinez, Roger",Martinez.Roger@mail.com,m
74a,"Martinez, Steve",Martinez.Steve@mail.com,m
75a,"Martinez, Kim",Martinez.Kim@mail.com,m
76a,"Martinez, Ben",Martinez.Ben@mail.com,m
77a,"Garcia, John",Garcia.John@mail.com,m
78a,"Garcia, Mary",Garcia.Mary@mail.com,w
79a,"Garcia, Tim",Garcia.Tim@mail.com,m
80a,"Garcia, Bryan",Garcia.Bryan@mail.com,m
81a,"Garcia, Dave",Garcia.Dave@mail.com,m
82a,"Garcia, Tom",Garcia.Tom@mail.com,m
83a,"Garcia, Dan",Garcia.Dan@mail.com,m
84a,"Garcia, Roy",Garcia.Roy@mail.com,m
85a,"Garcia, Jan",Garcia.Jan@mail.com,w
86a,"Garcia, Jenny",Garcia.Jenny@mail.com,w
87a,"Garcia, Sam",Garcia.Sam@mail.com,m
88a,"Garcia, Will",Garcia.Will@mail.com,m
89a,"Garcia, David",Garcia.David@mail.com,m
90a,"Garcia, Ron",Garcia.Ron@mail.com,m
91a,"Garcia, Peter",Garcia.Peter@mail.com,m
92a,"Garcia, Roger",Garcia.Roger@mail.com,m
93a,"Garcia, Steve",Garcia.Steve@mail.com,m
94a,"Garcia, Kim",Garcia.Kim@mail.com,m
95a,"Garcia, Ben",Garcia.Ben@mail.com,m
96a,"James, John",James.John@mail.com,m
97a,"James, Mary",James.Mary@mail.com,w
98a,"James, Tim",James.Tim@mail.com,m
99a,"James, Bryan",James.Bryan@mail.com,m
100a,"James, Dave",James.Dave@mail.com,m
101a,"James, Tom",James.Tom@mail.com,m
102a,"James, Dan",James.Dan@mail.com,m
103a,"James, Roy",James.Roy@mail.com,m
104a,"James, Jan",James.Jan@mail.com,w
105a,"James, Jenny",James.Jenny@mail.com,w
106a,"James, Sam",James.Sam@mail.com,m
107a,"James, Will",James.Will@mail.com,m
108a,"James, David",James.David@mail.com,m
109a,"James, Ron",James.Ron@mail.com,m
110a,"James, Peter",James.Peter@mail.com,m
111a,"James, Roger",James.Roger@mail.com,m
112a,"James, Steve",James.Steve@mail.com,m
113a,"James, Kim",James.Kim@mail.com,m
114a,"James, Ben",James.Ben@mail.com,m
115a,"Fox, John",Fox.John@mail.com,m
116a,"Fox, Mary",Fox.Mary@mail.com,w
117a,"Fox, Tim",Fox.Tim@mail.com,m
118a,"Fox, Bryan",Fox.Bryan@mail.com,m
119a,"Fox, Dave",Fox.Dave@mail.com,m
120a,"Fox, Tom",Fox.Tom@mail.com,m
121a,"Fox, Dan",Fox.Dan@mail.com,m
122a,"Fox, Roy",Fox.Roy@mail.com,m
123a,"Fox, Jan",Fox.Jan@mail.com,w
124a,"Fox, Jenny",Fox.Jenny@mail.com,w
125a,"Fox, Sam",Fox.Sam@mail.com,m
126a,"Fox, Will",Fox.Will@mail.com,m
127a,"Fox, David",Fox.David@mail.com,m
128a,"Fox, Ron",Fox.Ron@mail.com,m
129a,"Fox, Peter",Fox.Peter@mail.com,m
130a,"Fox, Roger",Fox.Roger@mail.com,m
131a,"Fox, Steve",Fox.Steve@mail.com,m
132a,"Fox, Kim",Fox.Kim@mail.com,m
133a,"Fox, Ben",Fox.Ben@mail.com,m
134a,"Foster, John",Foster.John@mail.com,m
135a,"Foster, Mary",Foster.Mary@mail.com,w
136a,"Foster, Tim",Foster.Tim@mail.com,m
137a,"Foster, Bryan",Foster.Bryan@mail.com,m
138a,"Foster, Dave",Foster.Dave@mail.com,m
139a,"Foster, Tom",Foster.Tom@mail.com,m
140a,"Foster, Dan",Foster.Dan@mail.com,m
141a,"Foster, Roy",Foster.Roy@mail.com,m
142a,"Foster, Jan",Foster.Jan@mail.com,w
143a,"Foster, Jenny",Foster.Jenny@mail.com,w
144a,"Foster, Sam",Foster.Sam@mail.com,m
145a,"Foster, Will",Foster.Will@mail.com,m
146a,"Foster, David",Foster.David@mail.com,m
147a,"Foster, Ron",Foster.Ron@mail.com,m
148a,"Foster, Peter",Foster.Peter@mail.com,m
149a,"Foster, Roger",Foster.Roger@mail.com,m
150a,"Foster, Steve",Foster.Steve@mail.com,m
151a,"Foster, Kim",Foster.Kim@mail.com,m
152a,"Foster, Ben",Foster.Ben@mail.com,m